,hospital,bakery,garden
img_clean(1-9),0.5119238581070974,0.023686980131081684,-0.532449105832814
img_sweet(1-9),-0.7867390033230669,1.9469838984735328,-1.1282075352095904
img_natural(1-9),-0.5304298288531614,-0.6490609462955789,1.178433471386013
img_chemical(1-9),1.7746361088573597,-0.9422759538866731,-0.8002835417152633
